{"epoch": 1, "batch": 132, "train_loss": 1.4158388376235962, "train_accuracy": 0.71875, "_timestamp": 1708107347.1850445, "_runtime": 212.20086860656738, "_step": 131, "_wandb": {"runtime": 210}}