{"epoch": 1, "batch": 132, "train_loss": 1.5795093774795532, "train_accuracy": 0.53125, "_timestamp": 1708105841.6712108, "_runtime": 141.35587286949158, "_step": 131, "_wandb": {"runtime": 140}}